_from,to,score
abrir,duda,3
abrir,mecanismo,1
abrir,respecto,2
abstracto,cambio,3
abstracto,debate,1
abstracto,desarrollo,2
acabar,denuncia,2
acabar,empeorar,3
acabar,penal,1
acabar,ratificar,3
acabar,seguridad,2
acertado,embargo,1
acertado,falla,3
acertado,sistema,2
aclarar,fracasar,2
aclarar,socialismo,3
actuar,agregar,1
actuar,ciudadano,3
actuar,oficio,3
actuar,participar,2
acueducto,alcantarillado,3
acueducto,infraestructura,2
acueducto,vial,1
acuerdo,carta,3
acuerdo,citar,1
acuerdo,dar,3
acuerdo,elemento,1
acuerdo,gobierno,1
acuerdo,impulso,2
acuerdo,magno,2
acuerdo,posicion,3
acuerdo,radical,2
acumular,manejar,3
acumular,pais,1
acumular,problema,2
acusaciones,camara,3
acusaciones,denuncia,1
acusaciones,representantes,2
adelantar,ademas,1
adelantar,esclarecer,2
adelantar,investigacion,3
ademas,afirmar,3
ademas,prueba,2
ademas,suficiente,1
adicional,fiscalia,3
adicional,prueba,2
adicional,suficiente,1
administrador,incompetente,3
administrador,paranoico,1
administrador,personalidad,2
afectar,opinion,2
afectar,publico,1
afectar,voltear,3
afirmar,actuar,1
afirmar,prueba,3
afirmar,suficiente,2
agitador,brillante,2
agitador,politico,3
agitador,resultar,1
agosto,ano,3
agosto,asegurar,1
agosto,pasado,2
agua,declaracion,1
agua,luego,3
agua,reciente,2
alcantarillado,german,1
alcantarillado,infraestructura,3
alcantarillado,vial,2
alejandro,carlos,1
alejandro,gaviria,3
alejandro,juan,2
alertar,consecuencia,2
alertar,critica,1
alertar,posible,3
alfonso,lleras,1
alfonso,lopez,3
alfonso,pumarejo,2
alvaro,igualmente,2
alvaro,ministro,1
alvaro,uribe,3
ano,asegurar,2
ano,corrupto,2
ano,elite,3
ano,interesado,1
ano,luego,1
ano,pasado,3
anterior,siempre,1
anterior,significar,3
anterior,tecnocrata,2
antonio,economia,2
antonio,funcionar,1
antonio,navarro,3
apoyo,campana,3
apoyo,pesos,1
apoyo,petro,2
aprobado,obrera,1
aprobado,sindical,2
aprobado,union,3
aprobar,critico,3
aprobar,deber,2
aprobar,derecha,2
aprobar,financiado,1
aprobar,mayoria,3
aprobar,pasar,1
archivado,colombiano,3
archivado,necesitar,2
archivado,respuesta,1
asamblea,constituyente,4
asamblea,deber,1
asamblea,funcionario,1
asamblea,nacional,6
asegurar,capturar,2
asegurar,constituyente,3
asegurar,fiscalia,1
asegurar,gobierno,3
asegurar,iniciar,2
asegurar,luego,3
asegurar,meditar,1
asegurar,movilizacion,1
asegurar,nacional,2
atender,constitucional,1
atender,escuchar,3
atender,reforma,2
audio,incluso,1
audio,investigacion,3
audio,laura,3
audio,periodistico,2
audio,publicado,1
audio,sarabia,2
autoridad,electoral,3
ayudar,constitucion,2
ayudar,crear,3
ayudar,deber,1
basar,acertado,2
basar,diagnostico,3
basar,falla,1
bien,alertar,1
bien,calificar,1
bien,experto,2
bien,interior,2
bien,ministro,3
bien,opinion,3
bloqueado,planteamiento,3
bloqueado,siempre,1
bloqueado,taquillero,2
brillante,administrador,2
brillante,incompetente,1
brillante,resultar,3
buscar,cambio,3
buscar,lugar,1
buscar,megalomania,3
buscar,prioridad,2
cabrera,cecilia,3
cabrera,lopez,2
cabrera,opinar,1
calificar,mandatario,1
calificar,propuesta,2
calificar,valioso,3
calle,atender,3
calle,decir,3
calle,escuchar,2
calle,gobernante,2
calle,querer,1
calle,reforma,1
calmar,agua,3
calmar,luego,2
calmar,reciente,1
camara,denuncia,2
camara,presidente,1
camara,representantes,3
cambio,bloqueado,1
cambio,debate,2
cambio,desarrollo,3
cambio,pedir,3
cambio,pueblo,2
cambio,salir,1
camilo,kalmanovitz,1
camilo,restrepo,3
camilo,salomon,2
camino,constitucion,1
camino,constituyente,2
camino,estructura,2
camino,invitar,1
camino,llevar,3
camino,tocar,3
campana,caribe,3
campana,congresista,1
campana,gracias,2
campana,intermediacion,1
campana,partido,1
campana,pesos,2
campana,petro,5
campana,presidencial,9
campana,punto,2
campana,relacionado,1
campana,senalar,2
capitalismo,aclarar,1
capitalismo,fracasar,3
capitalismo,razon,2
capturar,clan,1
capturar,fiscalia,3
capturar,poderoso,2
cardenas,alejandro,3
cardenas,gaviria,2
cardenas,juan,1
caribe,gracias,3
caribe,intermediacion,2
caribe,senador,1
carlos,camilo,1
carlos,echeverry,3
carlos,juan,2
carta,asamblea,1
carta,citar,2
carta,magno,3
cecilia,lopez,3
cecilia,opinar,2
cecilia,servicio,1
ceder,buscar,1
ceder,exguerrillero,2
ceder,privilegio,3
central,desarrollado,1
central,equidad,3
central,suficientemente,2
centro,comision,2
centro,democratico,6
centro,encontrar,1
centro,martes,1
centro,ratificar,2
chantajeado,mermelada,3
chantajeado,razon,1
chantajeado,verdadero,2
citar,asamblea,3
citar,constituyente,1
citar,nacional,2
ciudadano,actuar,3
ciudadano,agregar,2
ciudadano,ciudadano,2
ciudadano,participar,4
clan,evento,1
clan,financiar,3
clan,varios,2
clase,acabar,2
clase,delincuente,3
clase,empeorar,1
clase,obsoleto,2
clase,petro,1
clase,realista,3
colombia,ano,2
colombia,ceder,2
colombia,chantajeado,1
colombia,congresista,3
colombia,debate,3
colombia,derecho,1
colombia,dispuesto,3
colombia,elite,1
colombia,gobernado,3
colombia,gobierno,2
colombia,izquierda,2
colombia,privilegio,1
colombia,terminar,1
colombia,transformador,3
colombia,votar,2
colombiano,agregar,1
colombiano,constitucion,2
colombiano,creer,1
colombiano,decidir,2
colombiano,defender,3
colombiano,mismo,1
colombiano,necesitar,3
colombiano,president,2
colombiano,realizar,1
colombiano,respuesta,2
colombiano,verdad,3
colombiano,votacion,3
comenzar,exguerrillero,1
comenzar,petro,2
comenzar,problema,3
comision,acusaciones,3
comision,audio,2
comision,camara,2
comision,encontrar,3
comision,investigacion,1
comision,representantes,1
comprometer,energetico,1
comprometer,futuro,2
comprometer,solo,3
concepto,abstracto,3
concepto,cambio,2
concepto,desarrollo,1
confesion,audio,1
confesion,nicolas,3
confesion,petro,2
congresista,chantajeado,2
congresista,mermelada,1
congresista,votar,3
congreso,aprobar,3
congreso,deber,1
congreso,mayoria,2
conocedor,considerar,1
conocedor,orden,3
conocedor,publico,2
conocimiento,day,2
conocimiento,revelacion,3
conocimiento,vasquez,1
consecuencia,colombiano,2
consecuencia,convocar,3
consecuencia,critica,3
consecuencia,reforma,2
consecuencia,salud,1
consecuencia,votacion,1
considerar,exceso,1
considerar,paz,3
considerar,total,2
constitucion,asamblea,2
constitucion,calle,1
constitucion,central,2
constitucion,convocar,3
constitucion,cualquiera,1
constitucion,deber,7
constitucion,decir,3
constitucion,equidad,1
constitucion,gustavo,2
constitucion,ley,3
constitucion,mismo,3
constitucion,nacional,1
constitucion,pesar,2
constitucion,petro,1
constitucion,regla,3
constitucion,respetuoso,2
constitucion,supuesto,2
constitucion,tema,3
constitucional,constitucion,3
constitucional,decir,2
constitucional,evaluar,3
constitucional,legalidad,2
constitucional,mismo,1
constitucional,pesar,1
constituyente,actuar,1
constituyente,calmar,1
constituyente,ciudadano,2
constituyente,deber,3
constituyente,funcionario,3
constituyente,iniciar,3
constituyente,intentar,2
constituyente,invitar,3
constituyente,ley,1
constituyente,menos,1
constituyente,mirar,2
constituyente,movilizacion,2
constituyente,permanente,3
constituyente,pueblo,1
constituyente,radicar,2
contenido,asegurar,3
contenido,constituyente,2
contenido,iniciar,1
convocar,asamblea,3
convocar,colombiano,3
convocar,constituyente,1
convocar,decidir,1
convocar,nacional,2
convocar,votacion,2
corrupto,enriquecer,1
corrupto,interesado,3
corrupto,solamente,2
corte,constitucional,3
corte,evaluar,2
corte,legalidad,1
crear,colombia,2
crear,constitucion,3
crear,deber,2
crear,gobernado,1
crear,respetuoso,1
crear,segun,3
credibilidad,acumular,2
credibilidad,experiencia,3
credibilidad,manejar,1
creer,capitalismo,3
creer,colombiano,1
creer,fracasar,2
creer,gobernar,3
creer,necesariamente,1
creer,parte,2
creer,pobre,2
creer,razon,1
creer,tercero,3
critica,laboral,1
critica,reforma,3
critica,salud,2
critico,acumular,1
critico,credibilidad,3
critico,derecha,3
critico,dueno,1
critico,experiencia,2
critico,financiado,2
cualquiera,deber,2
cualquiera,gobierno,3
cualquiera,respetar,1
cuasi,capitalismo,1
cuasi,creer,2
cuasi,marxista,3
cuestionamiento,campana,3
cuestionamiento,presidencial,2
cuestionamiento,punto,1
cumplimiento,colombiano,1
cumplimiento,juridico,2
cumplimiento,ordenamiento,3
danino,comenzar,3
danino,petro,1
danino,problema,2
dar,cumplimiento,3
dar,elemento,2
dar,impulso,3
dar,juridico,1
dar,ordenamiento,2
dar,presidente,1
dar,pueblo,2
dar,solamente,3
day,confesion,2
day,nicolas,1
day,vasquez,3
debate,derecho,2
debate,flote,2
debate,izquierda,3
debate,riesgo,1
debate,salir,3
debate,sonador,1
deber,congreso,1
deber,constitucional,1
deber,corte,2
deber,cualquiera,2
deber,decir,2
deber,gobierno,2
deber,ley,2
deber,pasar,3
deber,radicar,3
deber,regla,5
deber,respetar,6
deber,respetuoso,3
deber,velasco,1
decidir,realizar,3
decir,calle,2
decir,camino,3
decir,constituyente,1
decir,decir,1
decir,desear,1
decir,gobernante,3
decir,llevar,2
decir,pesar,3
decir,querer,2
decir,radio,2
decir,velasco,3
declaracion,adicional,3
declaracion,fiscalia,2
declaracion,gustavo,2
declaracion,hijo,3
declaracion,jefe,1
declaracion,mayor,2
declaracion,petro,1
declaracion,presidente,3
declaracion,prueba,1
defender,constitucion,3
defender,gustavo,1
defender,mismo,2
defensor,interes,3
defensor,oponer,1
defensor,particular,2
delincuente,acabar,3
delincuente,empeorar,2
delincuente,seguridad,1
democratico,audio,1
democratico,comision,4
democratico,encontrar,2
democratico,martes,2
democratico,ratificar,3
demostrar,financiacion,3
demostrar,narco,1
demostrar,parte,2
denuncia,gustavo,3
denuncia,penal,3
denuncia,petro,1
denuncia,presidente,5
derecha,actualidad,3
derecha,colombia,1
derecha,dueno,2
derecha,financiado,3
derecho,economista,1
derecho,realista,2
derecho,sonador,3
desarrollado,acuerdo,1
desarrollado,intentar,2
desarrollado,sociedad,3
desarrollo,debate,3
desarrollo,flote,1
desarrollo,salir,2
desear,ministro,2
desear,puntualizar,3
despues,concepto,1
despues,entusiasmo,3
despues,inicial,2
destinado,electoral,1
destinado,pago,3
destinado,testigo,2
destruir,archivado,2
destruir,colombiano,1
destruir,engavetar,3
dia,autoridad,1
dia,eleccion,3
dia,reportar,2
diagnostico,acertado,3
diagnostico,falla,2
diagnostico,sistema,1
dialogo,camino,1
dialogo,decir,2
dialogo,rcn,3
diferente,comunicacion,2
diferente,medio,3
disparado,estancamiento,2
disparado,mitad,3
disparado,pib,1
dispuesto,ceder,3
dispuesto,exguerrillero,1
dispuesto,privilegio,2
duda,mecanismo,2
duda,respecto,3
duda,usar,1
dueno,ceder,1
dueno,colombia,6
dueno,congresista,2
dueno,dispuesto,2
dueno,votar,1
echeverry,camilo,2
echeverry,juan,3
echeverry,restrepo,1
economia,funcionar,3
economia,mejor,2
economia,polarizacion,1
economico,conocedor,2
economico,igualmente,3
economico,orden,1
economista,acuerdo,2
economista,posicion,1
economista,serio,3
ecopetrol,obstante,1
ecopetrol,pesos,2
ecopetrol,valor,3
efectista,comenzar,2
efectista,danino,3
efectista,problema,1
eleccion,autoridad,2
eleccion,electoral,1
eleccion,reportar,3
electoral,dia,3
electoral,eleccion,2
electoral,reportar,1
elegir,constitucion,2
elegir,ley,1
elegir,regla,3
elemento,adelantar,2
elemento,conocimiento,2
elemento,constituyente,1
elemento,hablar,2
elemento,investigacion,1
elemento,necesario,3
elemento,presidente,3
elemento,publico,3
elemento,revelacion,1
elite,corrupto,3
elite,interesado,2
elite,solamente,1
embargo,credibilidad,1
embargo,critico,2
embargo,enmarcada,1
embargo,mayoria,3
embargo,siempre,2
embargo,solucion,3
empeorar,seguridad,3
encontrar,aprobado,2
encontrar,audio,3
encontrar,giro,3
encontrar,investigacion,2
encontrar,periodistico,1
encontrar,union,1
encuesta,nadies,1
encuesta,presidente,3
encuesta,querer,2
energetico,economico,1
energetico,estabilidad,2
energetico,pais,3
engavetar,archivado,3
engavetar,colombiano,2
engavetar,necesitar,1
enmarcada,clase,1
enmarcada,lucha,2
enmarcada,optica,3
enorme,gobierno,1
enorme,mayoria,3
enorme,propuesta,2
enriquecer,perpetuar,3
entender,gustavo,3
entender,petro,2
entregar,centro,2
entregar,democratico,1
entregar,senador,3
entusiasmo,abstracto,1
entusiasmo,concepto,2
entusiasmo,inicial,3
episodio,campana,2
episodio,mira,3
episodio,presidencial,1
equidad,desarrollado,2
equidad,sociedad,1
equidad,suficientemente,3
equivocado,critico,1
equivocado,embargo,3
equivocado,mayoria,2
esclarecer,ademas,3
esclarecer,afirmar,2
esclarecer,prueba,1
escuchar,constitucion,1
escuchar,constitucional,2
escuchar,reforma,3
estabilidad,conocedor,1
estabilidad,economico,3
estabilidad,igualmente,2
establecido,asamblea,1
establecido,constitucion,3
establecido,convocar,2
estancamiento,factor,1
estancamiento,obedecer,2
estancamiento,pib,3
estructura,constitucion,3
estructura,deber,2
estructura,regla,1
estudiar,equivocado,1
estudiar,pais,2
estudiar,problema,3
evaluar,consecuencia,1
evaluar,legalidad,3
evaluar,mismo,2
evento,campana,3
evento,caribe,2
evento,gracias,1
evidente,conocimiento,1
evidente,elemento,3
evidente,publico,2
exceso,clase,2
exceso,delincuente,1
exceso,generosidad,3
exguerrillero,antonio,2
exguerrillero,buscar,3
exguerrillero,cambio,2
exguerrillero,navarro,1
exguerrillero,presidente,3
exito,acertado,1
exito,basar,3
exito,diagnostico,2
experiencia,acumular,3
experiencia,manejar,2
experiencia,problema,1
experto,alertar,3
experto,consecuencia,1
experto,posible,2
explicacion,narrativa,3
explicacion,petro,2
explicacion,red,1
exploracion,comprometer,3
exploracion,futuro,1
exploracion,solo,2
factor,internacional,3
factor,mitad,2
factor,nombre,1
falla,embargo,2
falla,sistema,3
falla,solucion,1
fernando,asegurar,2
fernando,gobierno,1
fernando,velasco,3
financiacion,campana,1
financiacion,irregular,3
financiacion,narco,2
financiacion,parte,3
financiacion,top,1
financiacion,violacion,2
financiado,colombia,2
financiado,congresista,1
financiado,dueno,3
financiar,campana,1
financiar,evento,2
financiar,varios,3
firmado,oscar,3
firmado,pinto,1
firmado,sanchez,2
fiscalia,clan,2
fiscalia,demostrar,1
fiscalia,financiar,1
fiscalia,poderoso,3
fiscalia,prueba,3
fiscalia,suficiente,2
flote,enorme,2
flote,mayoria,1
flote,riesgo,3
forma,asegurar,2
forma,constituyente,1
forma,contenido,3
fracasar,aclarar,2
fracasar,razon,3
fracasar,socialismo,1
frente,prevencion,1
frente,privado,2
frente,sector,3
funcionar,disparado,1
funcionar,mejor,3
funcionar,polarizacion,2
funcionario,agua,1
funcionario,calmar,2
funcionario,intentar,3
fundamental,cumplimiento,2
fundamental,dar,3
fundamental,ordenamiento,1
futuro,energetico,3
futuro,estabilidad,1
futuro,nadies,3
futuro,nunca,1
futuro,pais,4
gaviria,carlos,2
gaviria,echeverry,1
gaviria,juan,3
generosidad,acabar,1
generosidad,clase,3
generosidad,delincuente,2
german,derecha,1
german,simbolo,2
german,vargas,3
giro,aprobado,3
giro,sindical,1
giro,union,2
gobernado,ano,3
gobernado,corrupto,1
gobernado,elite,2
gobernante,desear,2
gobernante,puntualizar,1
gobernante,querer,3
gobernar,lejos,2
gobernar,necesariamente,2
gobernar,pobre,6
gobernar,queir,1
gobernar,segun,1
gobierno,constitucion,1
gobierno,deber,3
gobierno,elegir,3
gobierno,hilario,1
gobierno,jose,2
gobierno,licencia,1
gobierno,meditar,2
gobierno,nacional,3
gobierno,nuevo,2
gobierno,otorgar,3
gobierno,politico,1
gobierno,proyecto,2
gobierno,regla,2
gobierno,respetar,2
gobierno,saltar,1
gobierno,solo,3
gobierno,terminar,3
gracias,intermediacion,3
gracias,pedro,1
gracias,senador,2
grande,interes,3
grande,preocupado,1
grande,privado,2
gustavo,abrir,2
gustavo,destruir,1
gustavo,duda,1
gustavo,elemento,1
gustavo,evidente,2
gustavo,financiacion,1
gustavo,petro,15
gustavo,presunto,2
gustavo,pretender,2
habito,extrano,2
habito,trabajo,3
hablar,ciudadano,1
hablar,constituyente,3
hablar,permanente,2
hijo,jefe,2
hijo,mayor,3
hijo,nicolas,1
hilario,alfonso,2
hilario,lopez,4
historia,colombia,3
historia,dar,2
historia,gobierno,1
historia,solamente,1
historia,transformador,2
historia,veredicto,3
idea,cumplimiento,1
idea,dar,2
idea,fundamental,3
igualmente,camino,3
igualmente,conocedor,3
igualmente,estructura,1
igualmente,ministro,3
igualmente,nadies,2
igualmente,orden,2
igualmente,publico,1
igualmente,tocar,2
igualmente,vivienda,1
impulso,elemento,3
impulso,hablar,1
impulso,presidente,2
incluso,adicional,2
incluso,declaracion,3
incluso,fiscalia,1
incompetente,paranoico,2
incompetente,pendenciero,1
incompetente,personalidad,3
informe,firmado,2
informe,oscar,1
informe,tesoreria,3
infraestructura,german,2
infraestructura,vargas,1
infraestructura,vial,3
inicial,abstracto,2
inicial,cambio,1
inicial,concepto,3
iniciar,movilizacion,3
iniciar,pueblo,2
institucion,ayudar,3
institucion,constitucion,1
institucion,crear,2
intentar,acuerdo,3
intentar,agua,2
intentar,calmar,3
intentar,dar,2
intentar,impulso,1
intentar,luego,1
interes,futuro,1
interes,oponer,2
interes,particular,3
interes,preocupado,2
interes,privado,3
interes,reforma,1
interesado,enriquecer,2
interesado,perpetuar,1
interesado,solamente,3
interior,calificar,3
interior,fernando,2
interior,luis,3
interior,propuesta,1
interior,valioso,2
interior,velasco,1
intermediacion,florez,1
intermediacion,pedro,2
intermediacion,senador,3
internacional,mitad,3
internacional,nombre,2
internacional,propio,1
investigacion,ademas,2
investigacion,afirmar,1
investigacion,diferente,1
investigacion,esclarecer,3
investigacion,periodistico,3
investigacion,publicado,2
investigado,aprobado,1
investigado,encontrar,3
investigado,giro,2
investigativa,obtener,2
investigativa,primicia,1
investigativa,tiempo,3
invitar,forma,1
invitar,menos,2
invitar,mirar,3
irregular,campana,1
irregular,top,2
irregular,violacion,3
izquierda,colombia,2
izquierda,derecho,3
izquierda,gobernar,3
izquierda,historia,3
izquierda,justicia,1
izquierda,lejos,1
izquierda,pobre,4
izquierda,preocupacion,3
izquierda,realista,1
izquierda,sonador,2
izquierda,transformador,1
jefe,agosto,1
jefe,nicolas,3
jefe,petro,2
jose,alfonso,1
jose,hilario,3
jose,lopez,2
juan,camilo,3
juan,carlos,3
juan,echeverry,2
juan,juan,1
juan,restrepo,2
juan,salomon,1
juridico,colombiano,3
juridico,constitucion,1
juridico,defender,2
justicia,social,3
kalmanovitz,cabrera,2
kalmanovitz,cecilia,1
kalmanovitz,mauricio,3
laboral,contundente,2
laboral,pension,3
laura,declaracion,1
laura,incluso,2
laura,sarabia,3
legalidad,consecuencia,2
legalidad,convocar,1
legalidad,mismo,3
lejos,encuesta,2
lejos,presidente,1
lejos,segun,3
ley,aprobar,2
ley,congreso,3
ley,deber,2
ley,mayoria,1
ley,respetar,1
ley,supuesto,3
licencia,comprometer,2
licencia,exploracion,3
licencia,solo,1
lista,campana,2
lista,cuestionamiento,3
lista,encontrar,1
lista,investigado,2
lista,presidencial,1
lista,transaccion,3
llegar,izquierda,2
llegar,preocupacion,1
llegar,presidente,3
llevar,constituyente,3
llevar,invitar,2
llevar,mirar,1
lopez,alfonso,3
lopez,grande,1
lopez,lleras,2
lopez,lopez,2
lopez,opinar,3
lopez,pumarejo,4
lopez,servicio,2
lucha,clase,3
lucha,obsoleto,1
lucha,realista,2
luego,capturar,3
luego,declaracion,2
luego,fiscalia,2
luego,poderoso,1
luego,presidente,1
luego,reciente,3
lugar,dar,1
lugar,historia,3
lugar,veredicto,2
luis,asegurar,1
luis,fernando,3
luis,velasco,2
magno,asamblea,2
magno,citar,3
magno,nacional,1
mandatario,central,1
mandatario,constitucion,3
mandatario,tema,2
manejar,pais,2
manejar,problema,3
manejar,sector,1
martes,acusaciones,2
martes,camara,1
martes,comision,3
marxista,capitalismo,2
marxista,creer,3
marxista,fracasar,1
material,centro,1
material,entregar,3
material,senador,2
mauricio,alejandro,2
mauricio,cabrera,3
mauricio,cardenas,3
mauricio,cecilia,2
mauricio,gaviria,1
mauricio,lopez,1
mayor,jefe,3
mayor,nicolas,2
mayor,petro,1
mayoria,corte,1
mayoria,credibilidad,2
mayoria,critico,3
mayoria,deber,3
mayoria,experiencia,1
mayoria,gobierno,2
mayoria,pasar,2
mayoria,propuesta,3
mecanismo,usar,3
medio,alvaro,2
medio,comunicacion,3
medio,siglo,3
medio,uribe,1
meditar,establecido,1
meditar,paso,2
meditar,saltar,3
megalomania,historia,1
megalomania,lugar,2
megalomania,prioridad,3
mejor,disparado,2
mejor,mitad,1
mejor,polarizacion,3
menos,asegurar,1
menos,contenido,2
menos,forma,3
mermelada,despues,1
mermelada,razon,2
mermelada,verdadero,3
miguel,centro,1
miguel,partido,2
miguel,uribe,3
ministro,acueducto,1
ministro,calificar,2
ministro,fernando,1
ministro,interior,6
ministro,luis,2
ministro,nadies,3
ministro,valioso,1
ministro,vivienda,2
mira,campana,3
mira,petro,1
mira,presidencial,2
mirar,contenido,1
mirar,forma,2
mirar,menos,3
mismo,colombiano,1
mismo,consecuencia,3
mismo,convocar,2
mismo,gustavo,3
mismo,petro,2
mismo,pretender,1
mitad,estancamiento,3
mitad,nombre,3
mitad,obedecer,1
mitad,pib,2
mitad,problema,1
mitad,propio,2
momento,colombia,3
momento,debate,2
momento,izquierda,1
movilizacion,pueblo,3
nacional,constituyente,6
nacional,deber,2
nacional,funcionario,2
nacional,intentar,1
nacional,meditar,3
nacional,paso,1
nacional,radicar,1
nacional,saltar,2
nadies,acueducto,2
nadies,alcantarillado,1
nadies,entender,1
nadies,medio,2
nadies,nunca,2
nadies,pais,3
nadies,siglo,1
nadies,ultimo,3
nadies,vivienda,3
narco,campana,3
narco,presidencial,2
narco,senalar,1
narrativa,danino,1
narrativa,efectista,2
narrativa,petro,3
narrativa,red,2
narrativa,simplista,3
narrativa,social,1
navarro,economia,3
navarro,funcionar,2
navarro,mejor,1
necesariamente,buscar,1
necesariamente,personalidad,2
necesariamente,queir,3
necesario,adelantar,3
necesario,esclarecer,1
necesario,investigacion,2
necesitar,agregar,2
necesitar,respuesta,3
nicolas,agosto,2
nicolas,ano,1
nicolas,audio,2
nicolas,laura,1
nicolas,petro,6
nombre,petro,1
nombre,problema,2
nombre,propio,3
nuevo,comprometer,1
nuevo,exploracion,2
nuevo,licencia,3
nunca,entender,3
nunca,gustavo,2
nunca,petro,1
obedecer,factor,3
obedecer,internacional,2
obedecer,mitad,1
obrera,ecopetrol,1
obrera,sindicato,2
obrera,uso,3
obsoleto,frente,2
obsoleto,petro,3
obsoleto,sector,1
obstante,camino,1
obstante,igualmente,2
obstante,investigativa,2
obstante,recalcar,3
obstante,tiempo,1
obstante,unidad,3
obtener,informe,2
obtener,primicia,3
obtener,tesoreria,1
oligarquia,cambio,2
oligarquia,pedir,1
oligarquia,razon,3
opinar,grande,2
opinar,interes,1
opinar,servicio,3
opinion,alertar,2
opinion,bien,2
opinion,experto,3
opinion,opinion,1
opinion,posible,1
opinion,publico,3
oponer,afectar,2
oponer,reforma,3
oponer,voltear,1
oposicion,cambio,1
oposicion,oligarquia,3
oposicion,razon,2
optica,clase,2
optica,lucha,3
optica,realista,1
orden,considerar,2
orden,dar,1
orden,fundamental,2
orden,idea,3
orden,paz,1
orden,publico,3
ordenamiento,colombiano,2
ordenamiento,defender,1
ordenamiento,juridico,3
oscar,pinto,2
oscar,sanchez,3
oscar,senalar,1
otorgar,exploracion,1
otorgar,licencia,2
otorgar,nuevo,3
pago,dia,1
pago,electoral,2
pago,testigo,3
pais,economico,2
pais,embargo,2
pais,entender,2
pais,equivocado,3
pais,estabilidad,3
pais,gustavo,1
pais,igualmente,1
pais,mayoria,1
pais,nunca,3
pais,privado,1
pais,publico,2
pais,sector,3
paranoico,habito,2
paranoico,pendenciero,3
paranoico,trabajo,1
parte,campana,2
parte,colombiano,3
parte,narco,3
parte,presidencial,1
parte,president,1
parte,verdad,2
participar,agregar,3
particular,afectar,1
particular,oponer,3
particular,reforma,2
partido,centro,3
partido,declaracion,3
partido,democratico,2
partido,hijo,2
partido,mayor,1
partido,ratificar,1
pasado,asegurar,3
pasado,capturar,1
pasado,luego,2
pasar,constitucional,2
pasar,corte,3
pasar,evaluar,1
paso,constitucion,2
paso,convocar,1
paso,establecido,3
paz,exceso,2
paz,generosidad,1
paz,total,3
pedir,bloqueado,2
pedir,planteamiento,1
pedir,pueblo,3
pedro,florez,3
penal,gustavo,2
penal,petro,1
penal,presidente,3
pendenciero,extrano,1
pendenciero,habito,3
pendenciero,trabajo,2
pension,contundente,3
periodistico,diferente,2
periodistico,medio,1
periodistico,publicado,3
permanente,actuar,2
permanente,ciudadano,4
persona,alejandro,1
persona,cardenas,2
persona,mauricio,3
personalidad,buscar,3
personalidad,habito,1
personalidad,megalomania,2
personalidad,paranoico,3
personalidad,pendenciero,2
personalidad,prioridad,1
pesar,calle,3
pesar,decir,2
pesar,gobernante,1
pesos,investigativa,1
pesos,obstante,3
pesos,unidad,2
petro,abrir,3
petro,agitador,3
petro,agosto,3
petro,ano,2
petro,antonio,1
petro,aprobar,3
petro,audio,3
petro,brillante,1
petro,crear,1
petro,critico,2
petro,derecha,1
petro,destinado,1
petro,destruir,2
petro,duda,2
petro,elemento,2
petro,engavetar,1
petro,estudiar,3
petro,evidente,3
petro,exguerrillero,3
petro,financiacion,2
petro,frente,3
petro,historia,1
petro,irregular,1
petro,izquierda,3
petro,laura,2
petro,llegar,3
petro,pais,1
petro,pasado,1
petro,pesos,3
petro,politico,2
petro,presidente,7
petro,presunto,3
petro,pretender,3
petro,privado,1
petro,problema,2
petro,publico,1
petro,recurso,2
petro,red,3
petro,relacionado,3
petro,respecto,1
petro,sarabia,1
petro,sector,2
petro,social,2
pib,factor,2
pib,internacional,1
pib,obedecer,3
pinto,apoyo,2
pinto,campana,1
pinto,senalar,3
planteamiento,creer,1
planteamiento,siempre,2
planteamiento,taquillero,3
pobre,encuesta,1
pobre,justicia,3
pobre,lejos,3
pobre,necesariamente,3
pobre,personalidad,1
pobre,queir,2
pobre,segun,2
pobre,social,2
poderoso,clan,3
poderoso,financiar,2
poderoso,varios,1
polarizacion,disparado,3
polarizacion,estancamiento,1
polarizacion,mitad,2
politico,administrador,1
politico,ayudar,2
politico,brillante,3
politico,crear,1
politico,institucion,3
politico,resultar,2
posible,consecuencia,3
posible,critica,2
posible,reforma,1
posicion,gobierno,2
posicion,otorgar,1
posicion,radical,3
preocupacion,justicia,2
preocupacion,pobre,3
preocupacion,social,1
preocupado,futuro,3
preocupado,nadies,2
preocupado,pais,1
presidencial,congresista,2
presidencial,declaracion,1
presidencial,partido,2
presidencial,petro,3
presidencial,punto,3
presidencial,recurso,1
presidencial,relacionado,2
presidencial,senalar,3
president,creer,3
president,gobernar,2
president,pobre,1
presidente,abrir,1
presidente,antonio,3
presidente,colombia,1
presidente,constituyente,2
presidente,decir,1
presidente,dialogo,3
presidente,economia,1
presidente,evidente,1
presidente,gustavo,9
presidente,hablar,3
presidente,historia,2
presidente,izquierda,6
presidente,nadies,2
presidente,navarro,2
presidente,permanente,1
presidente,petro,6
presidente,pobre,1
presidente,preocupacion,2
presidente,presunto,1
presidente,querer,3
presidente,rcn,2
presidente,ultimo,1
presunto,financiacion,3
presunto,irregular,2
presunto,violacion,1
pretender,archivado,1
pretender,destruir,3
pretender,engavetar,2
prevencion,creer,1
prevencion,cuasi,3
prevencion,marxista,2
primicia,firmado,1
primicia,informe,3
primicia,tesoreria,2
prioridad,historia,2
prioridad,lugar,3
prioridad,veredicto,1
privado,cardenas,1
privado,cuasi,2
privado,futuro,2
privado,marxista,1
privado,mauricio,2
privado,nadies,1
privado,persona,3
privado,preocupado,3
privado,prevencion,3
privilegio,buscar,2
privilegio,cambio,1
privilegio,exguerrillero,3
problema,agitador,2
problema,embargo,1
problema,equivocado,2
problema,exguerrillero,2
problema,pais,6
problema,petro,6
problema,politico,1
problema,presidente,1
problema,publico,1
problema,sector,2
propio,agitador,1
propio,petro,2
propio,problema,3
propuesta,constitucion,2
propuesta,gobierno,3
propuesta,mandatario,3
propuesta,tema,1
proyecto,ayudar,1
proyecto,institucion,2
proyecto,politico,3
prueba,actuar,2
prueba,demostrar,2
prueba,financiacion,1
prueba,oficio,1
prueba,suficiente,6
publicado,comunicacion,1
publicado,diferente,3
publicado,medio,2
publico,bien,3
publico,conocimiento,3
publico,considerar,3
publico,day,1
publico,experto,1
publico,mauricio,1
publico,opinion,2
publico,paz,2
publico,persona,2
publico,privado,3
publico,revelacion,2
publico,total,1
pueblo,bloqueado,3
pueblo,planteamiento,2
pueblo,taquillero,1
pumarejo,lleras,3
punto,declaracion,2
punto,hijo,1
punto,partido,3
puntualizar,ministro,3
queir,buscar,2
queir,megalomania,1
queir,personalidad,3
querer,desear,3
querer,medio,1
querer,ministro,1
querer,nadies,3
querer,puntualizar,2
querer,ultimo,2
radical,gobierno,3
radical,nuevo,1
radical,otorgar,2
radicar,aprobar,1
radicar,congreso,2
radicar,ley,3
ratificar,acusaciones,1
ratificar,comision,2
ratificar,denuncia,3
ratificar,martes,3
ratificar,penal,2
ratificar,presidente,1
razon,aclarar,3
razon,aprobar,1
razon,cambio,3
razon,despues,3
razon,entusiasmo,2
razon,estudiar,2
razon,fracasar,1
razon,inicial,1
razon,pedir,2
razon,petro,5
razon,problema,1
razon,pueblo,1
razon,reforma,3
razon,socialismo,2
rcn,camino,2
rcn,decir,3
rcn,llevar,1
realista,acuerdo,1
realista,economista,3
realista,frente,1
realista,obsoleto,3
realista,petro,2
realista,serio,2
recalcar,camino,2
recalcar,igualmente,3
recalcar,tocar,1
reciente,declaracion,3
reciente,gustavo,1
reciente,presidente,2
recurso,destinado,3
recurso,pago,2
recurso,testigo,1
red,crear,2
red,segun,1
red,social,3
reforma,afectar,3
reforma,aprobar,2
reforma,constitucion,2
reforma,constitucional,3
reforma,critico,1
reforma,decir,1
reforma,laboral,2
reforma,opinion,1
reforma,pension,1
reforma,petro,3
reforma,salud,3
reforma,voltear,2
regla,constitucion,3
regla,cualquiera,3
regla,deber,1
regla,elegir,2
regla,gobierno,5
regla,ley,2
regla,regla,1
regla,supuesto,1
relacionado,destinado,2
relacionado,pago,1
relacionado,recurso,3
reportar,autoridad,3
reportar,electoral,2
representantes,denuncia,3
representantes,gustavo,1
representantes,presidente,2
respecto,mecanismo,3
respecto,usar,2
respetar,decir,3
respetar,radio,1
respetar,velasco,2
respetuoso,elegir,1
respetuoso,gobierno,2
respetuoso,regla,3
respuesta,agregar,3
restrepo,kalmanovitz,2
restrepo,mauricio,1
restrepo,salomon,3
resultar,administrador,3
resultar,incompetente,2
resultar,personalidad,1
revelacion,confesion,1
revelacion,day,3
revelacion,vasquez,2
riesgo,enorme,3
riesgo,mayoria,2
riesgo,propuesta,1
salir,enorme,1
salir,flote,3
salir,riesgo,2
salomon,cabrera,1
salomon,kalmanovitz,3
salomon,mauricio,2
saltar,constitucion,1
saltar,establecido,2
saltar,paso,3
salud,contundente,1
salud,laboral,3
salud,pension,2
sanchez,apoyo,1
sanchez,pinto,3
sanchez,senalar,2
sarabia,adicional,1
sarabia,declaracion,2
sarabia,incluso,3
sector,cuasi,1
sector,persona,1
sector,prevencion,2
sector,privado,5
sector,publico,3
segun,ano,1
segun,colombia,3
segun,encuesta,3
segun,gobernado,2
segun,presidente,2
segun,querer,1
senador,adelantar,1
senador,centro,3
senador,comision,1
senador,democratico,2
senador,elemento,3
senador,florez,2
senador,miguel,3
senador,necesario,2
senador,partido,1
senador,pedro,3
senador,uribe,2
senalar,apoyo,3
senalar,campana,2
senalar,congresista,3
senalar,petro,1
serio,acuerdo,3
serio,posicion,2
serio,radical,1
servicio,grande,3
servicio,interes,2
servicio,privado,1
siempre,creer,3
siempre,enmarcada,3
siempre,estudiar,1
siempre,lucha,1
siempre,optica,2
siempre,parte,1
siempre,petro,2
siempre,razon,3
siempre,tercero,2
siglo,alvaro,3
siglo,igualmente,1
siglo,uribe,2
significar,razon,1
significar,siempre,2
significar,tecnocrata,3
simbolo,actualidad,2
simbolo,derecha,3
simplista,comenzar,1
simplista,danino,2
simplista,efectista,3
sindical,obrera,3
sindical,sindicato,1
sindical,uso,2
sindicato,ecopetrol,3
sindicato,pesos,1
sindicato,valor,2
sistema,embargo,3
sistema,siempre,1
sistema,solucion,2
social,colombia,1
social,crear,3
social,segun,2
socialismo,fracasar,3
sociedad,acuerdo,2
sociedad,dar,1
sociedad,intentar,3
solamente,enriquecer,3
solamente,perpetuar,2
solamente,pueblo,3
solo,energetico,2
solo,futuro,3
solo,gobernar,2
solo,institucion,1
solo,izquierda,3
solo,pais,1
solo,pobre,1
solo,politico,2
solo,proyecto,3
solucion,enmarcada,2
solucion,optica,1
solucion,siempre,3
sonador,economista,2
sonador,realista,3
sonador,serio,1
suficiente,actuar,3
suficiente,demostrar,3
suficiente,financiacion,2
suficiente,oficio,2
suficiente,parte,1
suficientemente,desarrollado,3
suficientemente,intentar,1
suficientemente,sociedad,2
supuesto,deber,3
supuesto,decir,1
supuesto,respetar,2
taquillero,creer,2
taquillero,siempre,3
taquillero,tercero,1
tecnocrata,petro,1
tecnocrata,razon,2
tecnocrata,siempre,3
tema,central,3
tema,equidad,2
tema,suficientemente,1
teoria,gobernar,1
teoria,izquierda,2
teoria,solo,3
tercero,colombiano,2
tercero,parte,3
tercero,verdad,1
terminar,hilario,2
terminar,jose,3
terminar,lopez,1
tesoreria,firmado,3
tesoreria,oscar,2
tesoreria,sanchez,1
testigo,dia,2
testigo,eleccion,1
testigo,electoral,3
tiempo,informe,1
tiempo,obtener,3
tiempo,primicia,2
tocar,constitucion,2
tocar,deber,1
tocar,estructura,3
top,campana,3
total,clase,1
total,exceso,3
total,generosidad,2
trabajo,extrano,3
transaccion,encontrar,2
transaccion,giro,1
transaccion,investigado,3
transformador,gobierno,3
transformador,jose,1
transformador,terminar,2
ultimo,alvaro,1
ultimo,medio,3
ultimo,siglo,2
unidad,investigativa,3
unidad,obtener,1
unidad,tiempo,2
union,obrera,2
union,sindical,3
union,uso,1
uribe,centro,2
uribe,democratico,1
uribe,igualmente,3
uribe,ministro,2
uribe,nadies,1
uribe,partido,3
uso,ecopetrol,2
uso,sindicato,3
uso,valor,1
valido,izquierda,1
valido,solo,2
valido,teoria,3
valioso,constitucion,1
valioso,mandatario,2
valioso,propuesta,3
valor,obstante,2
valor,pesos,3
valor,unidad,1
vargas,actualidad,1
vargas,derecha,2
vargas,simbolo,3
varios,campana,2
varios,caribe,1
varios,evento,3
vasquez,confesion,3
vasquez,nicolas,2
vasquez,petro,1
velasco,asegurar,3
velasco,gobierno,2
velasco,nacional,1
velasco,radio,3
verdad,creer,2
verdad,gobernar,1
verdad,izquierda,1
verdad,petro,3
verdad,president,3
verdad,presidente,2
verdadero,despues,2
verdadero,entusiasmo,1
verdadero,razon,3
veredicto,dar,3
veredicto,pueblo,1
veredicto,solamente,2
vial,german,3
vial,simbolo,1
vial,vargas,2
violacion,campana,2
violacion,top,3
vivienda,acueducto,3
vivienda,alcantarillado,2
vivienda,infraestructura,1
voltear,bien,1
voltear,opinion,3
voltear,publico,2
votacion,decidir,3
votacion,realizar,2
votar,chantajeado,3
votar,mermelada,2
votar,verdadero,1
